<odoo>
    <data>
        <record id="demo_country_languages" model="referencable">
            <field name="referring_id" ref="base.model_res_country"/>
            <field name="referred_id" ref="base.model_res_lang"/>
        </record>
        <record>
            <field name="name">Second Language in Oman"</field>
            <field name="res_model">res.country</field>
            <field name="res_id" eval="171"/>
            <field name="linked_rec">res.lang,24</field>

        </record>
        <!--  -->
        <!--   <record id="object0" model="xref.xref"> -->
        <!--     <field name="name">Object 0</field> -->
        <!--     <field name="value">0</field> -->
        <!--   </record> -->
        <!--  -->
        <!--   <record id="object1" model="xref.xref"> -->
        <!--     <field name="name">Object 1</field> -->
        <!--     <field name="value">10</field> -->
        <!--   </record> -->
        <!--  -->
        <!--   <record id="object2" model="xref.xref"> -->
        <!--     <field name="name">Object 2</field> -->
        <!--     <field name="value">20</field> -->
        <!--   </record> -->
        <!--  -->
        <!--   <record id="object3" model="xref.xref"> -->
        <!--     <field name="name">Object 3</field> -->
        <!--     <field name="value">30</field> -->
        <!--   </record> -->
        <!--  -->
        <!--   <record id="object4" model="xref.xref"> -->
        <!--     <field name="name">Object 4</field> -->
        <!--     <field name="value">40</field> -->
        <!--   </record> -->
        <!--  -->
    </data>
</odoo>