<?xml version="1.0" encoding="utf-8"?>
<odoo>

    <record model="ir.rule" id="stock.stock_warehouse_comp_rule">
        <field name="name">Warehouse multi-company</field>
        <field name="model_id" ref="stock.model_stock_warehouse"/>
        <field name="global" eval="True"/>
        <field name="domain_force">['|',('company_id','=',False),('company_id','child_of',user.company_ids and user.company_ids.ids or [user.company_id.id])]</field>
    </record>

    <record model="ir.rule" id="stock.stock_location_comp_rule">
        <field name="name">Location multi-company</field>
        <field name="model_id" ref="stock.model_stock_location"/>
        <field name="global" eval="True"/>
        <field name="domain_force">['|',('company_id','=',False),('company_id','child_of',user.company_ids and user.company_ids.ids or [user.company_id.id])]</field>
    </record>

    <record model="ir.rule" id="stock.stock_picking_type_rule">
        <field name="name">Stock Operation Type multi-company</field>
        <field name="global" eval="True"/>
        <field name="domain_force">['|', ('warehouse_id', '=', False), '|',('warehouse_id.company_id','=',False),('warehouse_id.company_id','child_of',user.company_ids and user.company_ids.ids or [user.company_id.id])]</field>
    </record>

    <record model="ir.rule" id="rule_current_company_rma">
        <field name="name">Rule for Current show company data for RMA</field>
        <field name="model_id" ref="model_rma_ret_mer_auth"/>
        <field name="domain_force">[('company_id','child_of',[user.company_id.id])]</field>
    </record>

</odoo>
